CR_ID,CR_Title,Linked_Jira_ID,Linked_Confluence_ID,CR_State,CR_Requested_By,CR_Team_Assignment_Group,CR_Assigned_To_User,CR_Impacted_Environment,CR_Impacted_Departments,CR_Type,CR_Category,CR_Risk,CR_Risk_Percentage,CR_Lead_Time_Days,CR_Conflict_Status,CR_Description,CR_Start_Date,CR_End_Date,CR_Implementation_Plan_Summary,CR_Backout_Plan_Summary,CR_Updated_By_User_From_CSV_Example,CR_Created_At_From_CSV_Example
CR-FS-001,Day building young threat,BUG-050,,New,Alison_S,Team Phoenix,Matthew_D,Staging,Payments;Core API,Standard,Security,High,,52,Resolved,whiteboard B2B web-readiness iterate killer portals,2023-12-15,2023-12-27,Somebody his someone measure continue thing eye.,Standard rollback,James_S,2023-12-25
CR-FS-002,Have even camera today along,,,New,James_S,Team Phoenix,David_T,N/A,Core API;Security,Emergency,Enhancement,Low,45,73,Conflict Detected,embrace bricks-and-clicks action-items empower mission-critical e-markets,2023-02-16,2023-03-09,Details in Confluence,Hold this unit discussion family.,Vickie_R,2023-02-23
CR-FS-003,Feel very spring himself,NOVA-068,,New,Frances_B,Team Phoenix,Doris_R,Development,,Standard,BugFix,Medium,16,7,Conflict Detected,e-enable seamless paradigms grow bleeding-edge paradigms,2023-12-08,2024-01-02,Current hair participant tonight open accept manager.,However technology state model.,David_T,2023-12-09
CR-FS-003,Feel very spring himself,,,Assess,Jessica_D,Team Phoenix,Jennifer_W,N/A,Marketing,Standard,Infrastructure,High,,72,No Conflict,deploy user-centric markets incentivize back-end technologies,2023-12-08,2024-01-10,Either sort yet catch.,Standard rollback,Doris_R,2023-12-20
CR-FS-003,Feel very spring himself,NOVA-013,,Authorise,Vickie_R,Team Phoenix,Vickie_R,N/A,Mobile Banking;Security,Normal,Infrastructure,Medium,,27,No Conflict,engineer extensible channels engage e-business convergence,2023-12-08,2024-01-02,Gas process adult student follow catch strategy late.,Standard rollback,Jessica_D,2023-12-24
CR-FS-004,Rich network detail learn owner win,,CONF-PN-008,New,Dawn_M,Team Phoenix,Dawn_M,Production,Security;Payments,Standard,Enhancement,Low,,40,Resolved,utilize distributed paradigms implement bleeding-edge supply-chains,2023-04-06,2023-04-20,Call economy through very door.,Half baby garden level.,Linda_C,2023-04-17
CR-FS-005,Use his democratic concern drop,,CONF-SEC-003,New,Jason_G,Team Phoenix,Matthew_D,N/A,Mobile Banking;Security,Emergency,Infrastructure,Medium,,60,Conflict Detected,maximize robust ROI enable value-added vortals,2023-05-14,2023-06-10,Than oil research step agent stay image future.,Standard rollback,Frances_B,2023-05-28
CR-FS-005,Use his democratic concern drop,,,Assess,Phillip_R,Team Phoenix,Alison_S,Development,Payments;Security;Marketing,Standard,Communication,Medium,49,73,Conflict Detected,integrate e-business experiences syndicate vertical partnerships,2023-05-14,2023-06-13,Details in Confluence,Continue different herself professional meeting.,Linda_C,2023-06-12
CR-FS-006,Stand provide clearly,,CONF-PN-016,New,Dawn_M,Team Phoenix,Joe_T,Development,,Normal,Maintenance,Medium,94,65,Resolved,iterate cross-platform info-mediaries optimize global partnerships,2024-01-04,2024-01-23,Details in Confluence,Standard rollback,Justin_J,2024-01-18
CR-FS-007,Read analysis form deal any much,NOVA-024,,New,Justin_J,Team Phoenix,Matthew_D,Development,Marketing,Standard,Deployment,Low,87,47,Conflict Detected,brand collaborative architectures maximize transparent methodologies,2023-10-03,2023-10-21,Details in Confluence,Standard rollback,Linda_C,2023-10-10
CR-FS-007,Read analysis form deal any much,,,Assess,Phillip_R,Team Phoenix,Frances_B,N/A,Mobile Banking;Security,Standard,Enhancement,Low,79,39,Resolved,matrix strategic systems engage ubiquitous bandwidth,2023-10-03,2023-10-26,Details in Confluence,Produce throw know television.,Vickie_R,2023-10-11
CR-FS-007,Read analysis form deal any much,,,Authorise,Bradley_S,Team Phoenix,Alison_S,Production,Mobile Banking;Core API,Standard,New Feature,Medium,,41,Resolved,incentivize front-end web-readiness strategize customized metrics,2023-10-03,2023-10-21,Success remain money later form evening number answer.,Standard rollback,Maria_E,2023-10-13
CR-FS-008,Level direction join human church crime,,CONF-SEC-007,New,Maria_E,Team Griffin,Matthew_D,Development,Security;Mobile Banking;Core API,Emergency,Audit,Low,15,3,Resolved,strategize killer e-services implement customized systems,2023-01-22,2023-02-17,Truth foot price rock bit hit.,Knowledge concern she feel.,Doris_R,2023-02-17
CR-FS-008,Level direction join human church crime,,,Assess,Frances_B,Team Griffin,Matthew_D,Development,,Emergency,New Feature,High,,28,Resolved,exploit innovative e-business extend enterprise info-mediaries,2023-01-22,2023-03-30,Girl less certainly thank network.,Seem industry interview.,Alison_S,2023-02-26
CR-FS-009,Morning white eight him expect other,,CONF-SEC-022,New,James_S,Team Griffin,Matthew_D,N/A,Security,Emergency,Security,High,48,21,Resolved,synthesize granular ROI syndicate integrated communities,2023-09-11,2023-09-14,Follow thing floor city sound name defense.,Prepare less hope.,Jessica_D,2023-09-11
CR-FS-010,Everybody law world memory,,CONF-ARCH-005,New,Alison_S,Team Griffin,Frances_B,Staging,Mobile Banking;Marketing;Security,Normal,Enhancement,High,38,53,No Conflict,embrace plug-and-play ROI maximize scalable functionalities,2023-01-15,2023-02-03,Another hot against toward at what.,Standard rollback,Linda_C,2023-01-22
CR-FS-010,Everybody law world memory,NOVA-042,,Assess,Joe_T,Team Griffin,Justin_J,N/A,Core API;Mobile Banking;Marketing,Standard,Security,Low,27,79,Conflict Detected,strategize clicks-and-mortar infrastructures empower dynamic ROI,2023-01-15,2023-02-26,Support almost real.,Foreign beyond body past tend.,Nicolas_O,2023-01-23
CR-FS-010,Everybody law world memory,NOVA-041,,Authorise,Bradley_S,Team Griffin,Linda_C,Staging,Mobile Banking;Marketing,Normal,BugFix,High,59,80,No Conflict,matrix clicks-and-mortar e-services transform ubiquitous channels,2023-01-15,2023-03-18,Mind city heavy house moment people star system.,Standard rollback,Doris_R,2023-02-11
CR-FS-011,Time big growth figure,,,New,John_H,Team Griffin,Lori_S,Development,Core API,Standard,New Feature,High,,11,Resolved,morph efficient applications incubate mission-critical e-tailers,2024-02-14,2024-03-04,Source shake guy no month you.,Standard rollback,Maria_E,2024-02-22
CR-FS-011,Time big growth figure,NOVA-009,,Assess,Jennifer_W,Team Griffin,James_S,Staging,Marketing,Standard,Security,High,31,39,Conflict Detected,enable front-end channels grow 24/365 ROI,2024-02-14,2024-03-07,Details in Confluence,Short game hospital these watch.,Doris_R,2024-02-23
CR-FS-012,Purpose rise everybody bit,FEAT-018,CONF-SEC-001,New,Dawn_M,Team Griffin,James_S,Staging,,Emergency,Enhancement,High,75,2,No Conflict,incubate bleeding-edge content extend vertical synergies,2023-10-20,2023-11-12,Popular get me somebody.,Standard rollback,Jason_G,2023-10-20
CR-FS-013,Far term the,,,New,Jessica_D,Team Griffin,Linda_C,N/A,Marketing,Standard,Communication,Medium,31,44,Resolved,drive wireless bandwidth grow seamless systems,2023-12-12,2023-12-21,Tree fill part view.,Summer tree really board.,Joe_T,2023-12-12
CR-FS-014,Range where seven oil morning,NOVA-026,,New,Nicolas_O,Team Griffin,Bradley_S,N/A,Security;Payments;Marketing,Standard,Maintenance,Low,,22,Resolved,disintermediate bleeding-edge bandwidth morph magnetic e-commerce,2023-04-22,2023-05-06,Part because network subject offer pass gas.,Political light whole style you.,Bradley_S,2023-04-24
CR-FS-014,Range where seven oil morning,,CONF-SEC-002,Assess,Phillip_R,Team Griffin,David_T,Production,,Emergency,New Feature,Low,,67,Resolved,enable world-class bandwidth aggregate intuitive vortals,2023-04-22,2023-05-02,Brother form analysis buy million mouth.,Standard rollback,John_H,2023-04-24
CR-FS-015,Region speak Congress pressure,,CONF-SEC-018,New,James_S,Team Hydra,Bradley_S,N/A,Payments;Security;Mobile Banking,Emergency,Infrastructure,Medium,43,79,No Conflict,benchmark transparent e-tailers syndicate customized portals,2023-11-13,2023-11-17,Details in Confluence,Standard rollback,Matthew_D,2023-11-17
CR-FS-015,Region speak Congress pressure,NOVA-045,,Assess,John_H,Team Hydra,John_H,Production,,Emergency,Maintenance,High,41,58,Conflict Detected,mesh clicks-and-mortar platforms matrix integrated e-commerce,2023-11-13,2023-12-14,Mrs north defense policy money part bank.,Probably suddenly night.,Vickie_R,2023-11-17
CR-FS-016,Meet seek later,FEAT-039,CONF-PN-008,New,Maria_E,Team Hydra,Matthew_D,N/A,Mobile Banking;Security;Payments,Emergency,Security,High,81,16,Conflict Detected,generate cutting-edge e-markets integrate intuitive users,2023-04-07,2023-05-20,State election north generation minute walk.,These choose sit certainly.,Vickie_R,2023-04-17
CR-FS-016,Meet seek later,NOVA-067,,Assess,Bradley_S,Team Hydra,Vickie_R,N/A,,Emergency,Infrastructure,Low,,50,No Conflict,brand robust bandwidth transition leading-edge web-readiness,2023-04-07,2023-05-13,Details in Confluence,Mother push later explain.,Bradley_S,2023-04-19
CR-FS-016,Meet seek later,NOVA-008,CONF-SEC-006,Authorise,Nicolas_O,Team Hydra,Linda_C,Production,Mobile Banking;Marketing,Emergency,Communication,Low,65,53,Conflict Detected,empower virtual ROI matrix clicks-and-mortar systems,2023-04-07,2023-04-26,Details in Confluence,Standard rollback,Jennifer_W,2023-04-23
CR-FS-017,Prove physical role,NOVA-054,,New,Frances_B,Team Hydra,John_H,Production,Mobile Banking,Normal,Enhancement,Low,45,15,No Conflict,visualize integrated eyeballs whiteboard efficient models,2023-04-28,2023-07-09,Until college carry.,Standard rollback,Lori_S,2023-05-21
CR-FS-017,Prove physical role,,,Assess,Phillip_R,Team Hydra,Dawn_M,Production,Payments;Core API;Mobile Banking,Normal,Security,Low,,66,Conflict Detected,deploy intuitive supply-chains synergize interactive interfaces,2023-04-28,2023-06-13,Details in Confluence,Standard rollback,Bradley_S,2023-05-24
CR-FS-018,Join election piece call green,,,New,Dawn_M,Team Hydra,Frances_B,Staging,Mobile Banking;Core API,Normal,Security,Low,5,49,Conflict Detected,synergize integrated schemas mesh integrated convergence,2024-01-12,2024-01-29,Details in Confluence,Because within necessary high war first.,Bradley_S,2024-01-21
CR-FS-018,Join election piece call green,,,Assess,Maria_E,Team Hydra,Dawn_M,Development,Payments,Emergency,Deployment,Medium,67,28,Resolved,enable best-of-breed e-services mesh compelling communities,2024-01-12,2024-02-09,Details in Confluence,Standard rollback,James_S,2024-02-02
CR-FS-018,Join election piece call green,,,Authorise,Justin_J,Team Hydra,Alison_S,Development,,Emergency,Audit,Low,1,62,Conflict Detected,enhance out-of-the-box niches re-contextualize out-of-the-box e-business,2024-01-12,2024-02-12,Describe them they sing really week.,Standard rollback,Nicolas_O,2024-02-05
CR-FS-019,Then religious ever,NOVA-002,CONF-SEC-019,New,Lori_S,Team Hydra,Dawn_M,N/A,,Standard,Enhancement,High,6,66,Conflict Detected,deliver mission-critical mindshare embrace clicks-and-mortar communities,2023-04-18,2023-05-03,Details in Confluence,Standard rollback,Vickie_R,2023-04-20
CR-FS-020,Itself career TV,NOVA-047,,New,Jason_G,Team Hydra,John_H,Production,Security;Marketing,Standard,Communication,High,33,54,Resolved,brand global functionalities optimize frictionless mindshare,2023-06-29,2023-07-14,Details in Confluence,Standard rollback,Frances_B,2023-07-10
CR-FS-021,Recognize red one floor lawyer,,,New,Nicolas_O,Team Hydra,Alison_S,Development,,Normal,Audit,Medium,23,90,No Conflict,whiteboard e-business portals transform scalable networks,2023-02-11,2023-03-04,Stand attorney no near word character.,Standard rollback,Justin_J,2023-02-19
CR-FS-022,Put too culture available ability group,,CONF-SEC-011,New,Frances_B,Team Hydra,David_T,Staging,Payments;Mobile Banking;Marketing,Emergency,Infrastructure,Low,,42,Conflict Detected,synergize customized convergence deliver cross-media niches,2023-05-05,2023-05-14,Should large second bag.,Citizen soldier call me.,Bradley_S,2023-05-10
