JIRA_ID,JIRA_Type,JIRA_Priority,JIRA_Components,JIRA_Labels,JIRA_Sprint,JIRA_App_Name,JIRA_Reporter,JIRA_Assignee,JIRA_Start_Date,JIRA_End_Date,JIRA_Status,JIRA_Title,JIRA_Description,JIRA_Release_Fix_Version,JIRA_Team,JIRA_Confidence,JIRA_Created_Date,JIRA_Updated_Date,JIRA_Effort_Story_Points,CR_ID_Link_From_CSV_Example,JIRA_Linked_Issue_ID_Target,JIRA_Link_Type,JIRA_Watcher_User
NOVA-001,Business Outcome,Major,API,security;ProjectNova;ux,Sprint 1 - Nova,CoreBankingApp_Wallet,Dawn_M,Lori_S,2023-05-07,2023-05-09,Pending,Revolutionize revolutionary eyeballs,Reason thought real ahead finish recently black fine from actually sometimes treatment.,v0.2.1,Team Griffin,,2023-05-07,2023-05-08,21,,,,
NOVA-002,Bug,Medium,Database;NFC,tech-debt;ux,Sprint 1 - Infra,,Phillip_R,Jennifer_W,2024-02-13,2024-03-24,Review,Transform proactive platforms,Short finally build the among call ask social dream tonight degree.,v1.1.2-beta,Team Phoenix,61,2024-02-12,2024-03-14,,,,,
NOVA-002,Bug,Medium,Database;NFC,tech-debt;ux,Sprint 1 - Infra,,Phillip_R,Jennifer_W,2024-02-13,2024-03-24,Review,Transform proactive platforms,Short finally build the among call ask social dream tonight degree.,v1.1.2-beta,Team Phoenix,61,2024-02-12,2024-03-14,,,NOVA-001,sub-task of,
NOVA-002,Bug,Medium,Database;NFC,tech-debt;ux,Sprint 1 - Infra,,Phillip_R,Jennifer_W,2024-02-13,2024-03-24,Review,Transform proactive platforms,Short finally build the among call ask social dream tonight degree.,v1.1.2-beta,Team Phoenix,61,2024-02-12,2024-03-14,,,,,Doris_R
NOVA-002,Bug,Medium,Database;NFC,tech-debt;ux,Sprint 1 - Infra,,Phillip_R,Jennifer_W,2024-02-13,2024-03-24,Review,Transform proactive platforms,Short finally build the among call ask social dream tonight degree.,v1.1.2-beta,Team Phoenix,61,2024-02-12,2024-03-14,,,,,Jennifer_W
NOVA-002,Bug,Medium,Database;NFC,tech-debt;ux,Sprint 1 - Infra,,Phillip_R,Jennifer_W,2024-02-13,2024-03-24,Review,Transform proactive platforms,Short finally build the among call ask social dream tonight degree.,v1.1.2-beta,Team Phoenix,61,2024-02-12,2024-03-14,,,,,David_T
NOVA-003,Task,Minor,NFC;Payments,ux;performance,Sprint 2 - Nova,MobileApp_Global,James_S,Maria_E,2023-04-14,2023-05-13,Review,Generate customized infrastructures,Respond country both figure take nature region degree prepare deep power.,v0.9.2,Team Griffin,94,2023-04-12,2023-04-28,13,,,,
NOVA-003,Task,Minor,NFC;Payments,ux;performance,Sprint 2 - Nova,MobileApp_Global,James_S,Maria_E,2023-04-14,2023-05-13,Review,Generate customized infrastructures,Respond country both figure take nature region degree prepare deep power.,v0.9.2,Team Griffin,94,2023-04-12,2023-04-28,13,,,,John_H
NOVA-004,Business Outcome,High,API,,Sprint 5 - Nova,,Maria_E,Nicolas_O,2024-03-08,2024-03-09,Release,Productize innovative paradigms,Draw across interesting bad box family foreign improve.,v1.3.1-beta,Team Hydra,,2024-03-04,2024-03-06,1,,,,
NOVA-004,Business Outcome,High,API,,Sprint 5 - Nova,,Maria_E,Nicolas_O,2024-03-08,2024-03-09,Release,Productize innovative paradigms,Draw across interesting bad box family foreign improve.,v1.3.1-beta,Team Hydra,,2024-03-04,2024-03-06,1,,,,James_S
NOVA-004,Business Outcome,High,API,,Sprint 5 - Nova,,Maria_E,Nicolas_O,2024-03-08,2024-03-09,Release,Productize innovative paradigms,Draw across interesting bad box family foreign improve.,v1.3.1-beta,Team Hydra,,2024-03-04,2024-03-06,1,,,,David_T
PERF-005,Project,Low,Database;Auth,,Sprint 3 - Infra,CoreBankingApp_Wallet,Linda_C,Frances_B,2024-03-12,2024-03-14,Closed,Maximize open-source info-mediaries,Friend country body school keep second range forward crime environment country.,v2.5.1-beta,Team Hydra,,2024-03-11,2024-03-13,21,,,,
PERF-005,Project,Low,Database;Auth,,Sprint 3 - Infra,CoreBankingApp_Wallet,Linda_C,Frances_B,2024-03-12,2024-03-14,Closed,Maximize open-source info-mediaries,Friend country body school keep second range forward crime environment country.,v2.5.1-beta,Team Hydra,,2024-03-11,2024-03-13,21,,,,Vickie_R
NOVA-006,Story,High,API;Database,,Sprint 5 - Infra,,Maria_E,Jennifer_W,2023-12-30,2024-01-02,Development,Synthesize magnetic channels,Your region possible ahead hour clearly there minute.,v1.8.0,Team Phoenix,,2023-12-23,2023-12-27,8,,,,
NOVA-007,Story,Critical,Auth,performance;ProjectNova;sprint-goal,Sprint 4 - General,,Maria_E,Jessica_D,2023-06-02,2023-07-18,Closed,Cultivate end-to-end roi,Cut environment or fight pull account everyone yet TV natural.,v0.4.5-hotfix,Team Griffin,,2023-05-30,2023-06-15,8,,,,
NOVA-007,Story,Critical,Auth,performance;ProjectNova;sprint-goal,Sprint 4 - General,,Maria_E,Jessica_D,2023-06-02,2023-07-18,Closed,Cultivate end-to-end roi,Cut environment or fight pull account everyone yet TV natural.,v0.4.5-hotfix,Team Griffin,,2023-05-30,2023-06-15,8,,NOVA-006,blocks,
NOVA-007,Story,Critical,Auth,performance;ProjectNova;sprint-goal,Sprint 4 - General,,Maria_E,Jessica_D,2023-06-02,2023-07-18,Closed,Cultivate end-to-end roi,Cut environment or fight pull account everyone yet TV natural.,v0.4.5-hotfix,Team Griffin,,2023-05-30,2023-06-15,8,,PERF-005,blocks,
NOVA-008,Project,Medium,Payments;NFC,,Sprint 3 - Infra,,Frances_B,Jason_G,2023-06-29,2023-08-18,Closed,Evolve dot-com infrastructures,Away piece determine course which city agreement surface.,v1.4.2-beta,Team Griffin,94,2023-06-22,2023-08-16,2,,,,
NOVA-009,Story,Minor,Mobile UI;API;Auth,ux;security,Sprint 4 - Infra,AdminPortal,Frances_B,Doris_R,2023-04-12,2023-04-21,Development,Integrate compelling web services,Hundred among reflect follow kitchen quality.,v0.8.1-RC,Team Griffin,69,2023-04-03,2023-04-05,2,,,,
NOVA-009,Story,Minor,Mobile UI;API;Auth,ux;security,Sprint 4 - Infra,AdminPortal,Frances_B,Doris_R,2023-04-12,2023-04-21,Development,Integrate compelling web services,Hundred among reflect follow kitchen quality.,v0.8.1-RC,Team Griffin,69,2023-04-03,2023-04-05,2,,NOVA-007,sub-task of,
NOVA-009,Story,Minor,Mobile UI;API;Auth,ux;security,Sprint 4 - Infra,AdminPortal,Frances_B,Doris_R,2023-04-12,2023-04-21,Development,Integrate compelling web services,Hundred among reflect follow kitchen quality.,v0.8.1-RC,Team Griffin,69,2023-04-03,2023-04-05,2,,NOVA-003,sub-task of,
FEAT-010,Task,Minor,,ProjectNova;ux;performance,Sprint 1 - General,MobileApp_Global,David_T,Vickie_R,2023-06-22,2023-08-06,Closed,Drive b2c architectures,Focus arm skill season quality there treatment floor serious on try.,v0.9.5-RC,Team Phoenix,68,2023-06-20,2023-07-17,2,,,,
FEAT-010,Task,Minor,,ProjectNova;ux;performance,Sprint 1 - General,MobileApp_Global,David_T,Vickie_R,2023-06-22,2023-08-06,Closed,Drive b2c architectures,Focus arm skill season quality there treatment floor serious on try.,v0.9.5-RC,Team Phoenix,68,2023-06-20,2023-07-17,2,,NOVA-004,blocks,
NOVA-011,Epic,Critical,Mobile UI,performance,Sprint 1 - Infra,CoreBankingApp_Wallet,Nicolas_O,Linda_C,2023-04-04,2023-04-17,Release,Transition clicks-and-mortar schemas,Network thought some choose letter suggest.,v0.9.1-beta,Team Phoenix,,2023-03-29,2023-04-11,8,,,,
NOVA-011,Epic,Critical,Mobile UI,performance,Sprint 1 - Infra,CoreBankingApp_Wallet,Nicolas_O,Linda_C,2023-04-04,2023-04-17,Release,Transition clicks-and-mortar schemas,Network thought some choose letter suggest.,v0.9.1-beta,Team Phoenix,,2023-03-29,2023-04-11,8,,,,Nicolas_O
NOVA-012,Business Outcome,Medium,,ux;security,Sprint 4 - Infra,,Jennifer_W,Maria_E,2023-09-12,2023-10-05,Development,Whiteboard customized interfaces,Exist environmental agency employee our yourself gas.,v0.6.4-beta,Team Hydra,,2023-09-12,2023-09-23,5,,,,
NOVA-012,Business Outcome,Medium,,ux;security,Sprint 4 - Infra,,Jennifer_W,Maria_E,2023-09-12,2023-10-05,Development,Whiteboard customized interfaces,Exist environmental agency employee our yourself gas.,v0.6.4-beta,Team Hydra,,2023-09-12,2023-09-23,5,,NOVA-002,cloned by,
NOVA-012,Business Outcome,Medium,,ux;security,Sprint 4 - Infra,,Jennifer_W,Maria_E,2023-09-12,2023-10-05,Development,Whiteboard customized interfaces,Exist environmental agency employee our yourself gas.,v0.6.4-beta,Team Hydra,,2023-09-12,2023-09-23,5,,NOVA-011,sub-task of,
NOVA-012,Business Outcome,Medium,,ux;security,Sprint 4 - Infra,,Jennifer_W,Maria_E,2023-09-12,2023-10-05,Development,Whiteboard customized interfaces,Exist environmental agency employee our yourself gas.,v0.6.4-beta,Team Hydra,,2023-09-12,2023-09-23,5,,,,Maria_E
NOVA-012,Business Outcome,Medium,,ux;security,Sprint 4 - Infra,,Jennifer_W,Maria_E,2023-09-12,2023-10-05,Development,Whiteboard customized interfaces,Exist environmental agency employee our yourself gas.,v0.6.4-beta,Team Hydra,,2023-09-12,2023-09-23,5,,,,Matthew_D
NOVA-012,Business Outcome,Medium,,ux;security,Sprint 4 - Infra,,Jennifer_W,Maria_E,2023-09-12,2023-10-05,Development,Whiteboard customized interfaces,Exist environmental agency employee our yourself gas.,v0.6.4-beta,Team Hydra,,2023-09-12,2023-09-23,5,,,,Alison_S
NOVA-013,Epic,Critical,Database;Payments;NFC,ux,Sprint 3 - Infra,MobileApp_Global,Frances_B,John_H,2024-02-26,2024-03-06,Blocked,Architect world-class architectures,Miss middle effort break of once.,v1.6.1,Team Phoenix,93,2024-02-22,2024-02-23,5,,,,
NOVA-013,Epic,Critical,Database;Payments;NFC,ux,Sprint 3 - Infra,MobileApp_Global,Frances_B,John_H,2024-02-26,2024-03-06,Blocked,Architect world-class architectures,Miss middle effort break of once.,v1.6.1,Team Phoenix,93,2024-02-22,2024-02-23,5,,NOVA-004,cloned by,
NOVA-013,Epic,Critical,Database;Payments;NFC,ux,Sprint 3 - Infra,MobileApp_Global,Frances_B,John_H,2024-02-26,2024-03-06,Blocked,Architect world-class architectures,Miss middle effort break of once.,v1.6.1,Team Phoenix,93,2024-02-22,2024-02-23,5,,,,Matthew_D
LOG-014,Task,Low,NFC;Payments;Mobile UI,ux;security;sprint-goal,Sprint 4 - General,,Vickie_R,Joe_T,2023-05-13,2023-06-02,Review,Revolutionize b2c applications,Rise network recently send southern any politics certainly across fight general.,v1.8.3-RC,Team Hydra,69,2023-05-13,2023-05-20,8,,,,
LOG-014,Task,Low,NFC;Payments;Mobile UI,ux;security;sprint-goal,Sprint 4 - General,,Vickie_R,Joe_T,2023-05-13,2023-06-02,Review,Revolutionize b2c applications,Rise network recently send southern any politics certainly across fight general.,v1.8.3-RC,Team Hydra,69,2023-05-13,2023-05-20,8,,PERF-005,blocks,
PERF-015,Task,Low,,performance;ux,Sprint 3 - Nova,MobileApp_Global,Maria_E,Jennifer_W,2023-10-24,2023-10-27,Blocked,Enable compelling communities,Worker think international anything result trouble politics professional person.,v0.7.0-hotfix,Team Griffin,68,2023-10-15,2023-10-23,21,,,,
PERF-015,Task,Low,,performance;ux,Sprint 3 - Nova,MobileApp_Global,Maria_E,Jennifer_W,2023-10-24,2023-10-27,Blocked,Enable compelling communities,Worker think international anything result trouble politics professional person.,v0.7.0-hotfix,Team Griffin,68,2023-10-15,2023-10-23,21,,NOVA-002,relates to,
PERF-015,Task,Low,,performance;ux,Sprint 3 - Nova,MobileApp_Global,Maria_E,Jennifer_W,2023-10-24,2023-10-27,Blocked,Enable compelling communities,Worker think international anything result trouble politics professional person.,v0.7.0-hotfix,Team Griffin,68,2023-10-15,2023-10-23,21,,NOVA-003,relates to,
PERF-015,Task,Low,,performance;ux,Sprint 3 - Nova,MobileApp_Global,Maria_E,Jennifer_W,2023-10-24,2023-10-27,Blocked,Enable compelling communities,Worker think international anything result trouble politics professional person.,v0.7.0-hotfix,Team Griffin,68,2023-10-15,2023-10-23,21,,,,James_S
PERF-015,Task,Low,,performance;ux,Sprint 3 - Nova,MobileApp_Global,Maria_E,Jennifer_W,2023-10-24,2023-10-27,Blocked,Enable compelling communities,Worker think international anything result trouble politics professional person.,v0.7.0-hotfix,Team Griffin,68,2023-10-15,2023-10-23,21,,,,Justin_J
NOVA-016,Feature,Low,Database;NFC,ux;security;sprint-goal,Sprint 2 - Nova,CoreBankingApp_Wallet,Jennifer_W,Vickie_R,2023-01-17,2023-02-14,Closed,Empower cross-platform functionalities,Leave cold writer occur attention machine hospital chance light.,v0.3.0-hotfix,Team Hydra,50,2023-01-10,2023-01-14,,,,,
NOVA-016,Feature,Low,Database;NFC,ux;security;sprint-goal,Sprint 2 - Nova,CoreBankingApp_Wallet,Jennifer_W,Vickie_R,2023-01-17,2023-02-14,Closed,Empower cross-platform functionalities,Leave cold writer occur attention machine hospital chance light.,v0.3.0-hotfix,Team Hydra,50,2023-01-10,2023-01-14,,,PERF-005,blocks,
NOVA-017,Bug,Critical,Auth;Database;NFC,sprint-goal,Sprint 4 - General,AdminPortal,Joe_T,Bradley_S,2023-06-01,2023-06-16,Open,Morph vertical vortals,Be big candidate couple health your gun fight officer condition rule would good.,v2.8.3-RC,Team Phoenix,,2023-05-23,2023-05-31,8,,,,
NOVA-017,Bug,Critical,Auth;Database;NFC,sprint-goal,Sprint 4 - General,AdminPortal,Joe_T,Bradley_S,2023-06-01,2023-06-16,Open,Morph vertical vortals,Be big candidate couple health your gun fight officer condition rule would good.,v2.8.3-RC,Team Phoenix,,2023-05-23,2023-05-31,8,,NOVA-003,blocks,
NOVA-017,Bug,Critical,Auth;Database;NFC,sprint-goal,Sprint 4 - General,AdminPortal,Joe_T,Bradley_S,2023-06-01,2023-06-16,Open,Morph vertical vortals,Be big candidate couple health your gun fight officer condition rule would good.,v2.8.3-RC,Team Phoenix,,2023-05-23,2023-05-31,8,,,,Jessica_D
FEAT-018,Business Outcome,Major,Mobile UI;NFC,ProjectNova;performance,Sprint 3 - Nova,,Linda_C,Frances_B,2023-06-18,2023-06-28,Review,Utilize one-to-one functionalities,First at fund heavy environment thing explain decide treatment country student yeah lay scene.,v1.5.2-hotfix,Team Griffin,90,2023-06-18,2023-06-18,2,,,,
FEAT-018,Business Outcome,Major,Mobile UI;NFC,ProjectNova;performance,Sprint 3 - Nova,,Linda_C,Frances_B,2023-06-18,2023-06-28,Review,Utilize one-to-one functionalities,First at fund heavy environment thing explain decide treatment country student yeah lay scene.,v1.5.2-hotfix,Team Griffin,90,2023-06-18,2023-06-18,2,,LOG-014,duplicates,
FEAT-018,Business Outcome,Major,Mobile UI;NFC,ProjectNova;performance,Sprint 3 - Nova,,Linda_C,Frances_B,2023-06-18,2023-06-28,Review,Utilize one-to-one functionalities,First at fund heavy environment thing explain decide treatment country student yeah lay scene.,v1.5.2-hotfix,Team Griffin,90,2023-06-18,2023-06-18,2,,NOVA-011,sub-task of,
FEAT-018,Business Outcome,Major,Mobile UI;NFC,ProjectNova;performance,Sprint 3 - Nova,,Linda_C,Frances_B,2023-06-18,2023-06-28,Review,Utilize one-to-one functionalities,First at fund heavy environment thing explain decide treatment country student yeah lay scene.,v1.5.2-hotfix,Team Griffin,90,2023-06-18,2023-06-18,2,,,,Alison_S
FEAT-018,Business Outcome,Major,Mobile UI;NFC,ProjectNova;performance,Sprint 3 - Nova,,Linda_C,Frances_B,2023-06-18,2023-06-28,Review,Utilize one-to-one functionalities,First at fund heavy environment thing explain decide treatment country student yeah lay scene.,v1.5.2-hotfix,Team Griffin,90,2023-06-18,2023-06-18,2,,,,Jason_G
NOVA-019,Task,Medium,Database,ProjectNova;ux;sprint-goal,Sprint 4 - Nova,MobileApp_Global,Linda_C,Jessica_D,2023-03-04,2023-03-12,Closed,Mesh bleeding-edge partnerships,Lawyer day mother address everyone economic born.,v1.1.1-RC,Team Griffin,97,2023-03-04,2023-03-05,5,,,,
NOVA-019,Task,Medium,Database,ProjectNova;ux;sprint-goal,Sprint 4 - Nova,MobileApp_Global,Linda_C,Jessica_D,2023-03-04,2023-03-12,Closed,Mesh bleeding-edge partnerships,Lawyer day mother address everyone economic born.,v1.1.1-RC,Team Griffin,97,2023-03-04,2023-03-05,5,,NOVA-007,cloned by,
NOVA-019,Task,Medium,Database,ProjectNova;ux;sprint-goal,Sprint 4 - Nova,MobileApp_Global,Linda_C,Jessica_D,2023-03-04,2023-03-12,Closed,Mesh bleeding-edge partnerships,Lawyer day mother address everyone economic born.,v1.1.1-RC,Team Griffin,97,2023-03-04,2023-03-05,5,,PERF-005,cloned by,
NOVA-020,Bug,Minor,Auth;Database,,Sprint 4 - General,,Joe_T,Maria_E,2023-04-09,2023-04-21,Closed,Cultivate holistic solutions,Investment certainly happy skin high push.,v2.1.3-RC,Team Griffin,,2023-04-09,2023-04-12,1,,,,
NOVA-021,Story,Critical,Payments;API;Database,,Sprint 1 - General,AdminPortal,Frances_B,Bradley_S,2024-03-01,2024-04-07,Review,Syndicate b2c convergence,Health travel write week show college easy method reduce perform world window.,v1.8.0,Team Griffin,,2024-02-21,2024-02-26,,,,,
NOVA-021,Story,Critical,Payments;API;Database,,Sprint 1 - General,AdminPortal,Frances_B,Bradley_S,2024-03-01,2024-04-07,Review,Syndicate b2c convergence,Health travel write week show college easy method reduce perform world window.,v1.8.0,Team Griffin,,2024-02-21,2024-02-26,,,PERF-005,sub-task of,
NOVA-021,Story,Critical,Payments;API;Database,,Sprint 1 - General,AdminPortal,Frances_B,Bradley_S,2024-03-01,2024-04-07,Review,Syndicate b2c convergence,Health travel write week show college easy method reduce perform world window.,v1.8.0,Team Griffin,,2024-02-21,2024-02-26,,,,,Vickie_R
NOVA-021,Story,Critical,Payments;API;Database,,Sprint 1 - General,AdminPortal,Frances_B,Bradley_S,2024-03-01,2024-04-07,Review,Syndicate b2c convergence,Health travel write week show college easy method reduce perform world window.,v1.8.0,Team Griffin,,2024-02-21,2024-02-26,,,,,David_T
LOG-022,Bug,Medium,NFC;Mobile UI;Payments,,Sprint 5 - General,,Dawn_M,Phillip_R,2023-09-18,2023-09-25,Development,Expedite visionary communities,Guess like very person ready stage sort language various.,v2.7.0,Team Phoenix,56,2023-09-10,2023-09-12,3,,,,
LOG-022,Bug,Medium,NFC;Mobile UI;Payments,,Sprint 5 - General,,Dawn_M,Phillip_R,2023-09-18,2023-09-25,Development,Expedite visionary communities,Guess like very person ready stage sort language various.,v2.7.0,Team Phoenix,56,2023-09-10,2023-09-12,3,,NOVA-012,sub-task of,
LOG-022,Bug,Medium,NFC;Mobile UI;Payments,,Sprint 5 - General,,Dawn_M,Phillip_R,2023-09-18,2023-09-25,Development,Expedite visionary communities,Guess like very person ready stage sort language various.,v2.7.0,Team Phoenix,56,2023-09-10,2023-09-12,3,,PERF-015,blocks,
LOG-022,Bug,Medium,NFC;Mobile UI;Payments,,Sprint 5 - General,,Dawn_M,Phillip_R,2023-09-18,2023-09-25,Development,Expedite visionary communities,Guess like very person ready stage sort language various.,v2.7.0,Team Phoenix,56,2023-09-10,2023-09-12,3,,,,Joe_T
NOVA-023,Bug,Critical,,performance;sprint-goal;security,Sprint 3 - General,MobileApp_Global,David_T,Jessica_D,2024-02-15,2024-03-16,Open,Evolve robust architectures,Fly policy cold statement pretty evening what hard effort.,v1.1.0-hotfix,Team Phoenix,,2024-02-13,2024-03-15,1,,,,
NOVA-023,Bug,Critical,,performance;sprint-goal;security,Sprint 3 - General,MobileApp_Global,David_T,Jessica_D,2024-02-15,2024-03-16,Open,Evolve robust architectures,Fly policy cold statement pretty evening what hard effort.,v1.1.0-hotfix,Team Phoenix,,2024-02-13,2024-03-15,1,,,,Alison_S
NOVA-023,Bug,Critical,,performance;sprint-goal;security,Sprint 3 - General,MobileApp_Global,David_T,Jessica_D,2024-02-15,2024-03-16,Open,Evolve robust architectures,Fly policy cold statement pretty evening what hard effort.,v1.1.0-hotfix,Team Phoenix,,2024-02-13,2024-03-15,1,,,,Bradley_S
NOVA-023,Bug,Critical,,performance;sprint-goal;security,Sprint 3 - General,MobileApp_Global,David_T,Jessica_D,2024-02-15,2024-03-16,Open,Evolve robust architectures,Fly policy cold statement pretty evening what hard effort.,v1.1.0-hotfix,Team Phoenix,,2024-02-13,2024-03-15,1,,,,Phillip_R
NOVA-024,Epic,Low,Database;Auth,tech-debt,Sprint 4 - Infra,,Jessica_D,Jason_G,2023-02-09,2023-03-01,Blocked,Cultivate front-end mindshare,Sign with carry ball side doctor take.,v2.9.3,Team Hydra,,2023-02-06,2023-02-22,,,,,
NOVA-024,Epic,Low,Database;Auth,tech-debt,Sprint 4 - Infra,,Jessica_D,Jason_G,2023-02-09,2023-03-01,Blocked,Cultivate front-end mindshare,Sign with carry ball side doctor take.,v2.9.3,Team Hydra,,2023-02-06,2023-02-22,,,NOVA-001,duplicates,
NOVA-024,Epic,Low,Database;Auth,tech-debt,Sprint 4 - Infra,,Jessica_D,Jason_G,2023-02-09,2023-03-01,Blocked,Cultivate front-end mindshare,Sign with carry ball side doctor take.,v2.9.3,Team Hydra,,2023-02-06,2023-02-22,,,NOVA-011,sub-task of,
NOVA-024,Epic,Low,Database;Auth,tech-debt,Sprint 4 - Infra,,Jessica_D,Jason_G,2023-02-09,2023-03-01,Blocked,Cultivate front-end mindshare,Sign with carry ball side doctor take.,v2.9.3,Team Hydra,,2023-02-06,2023-02-22,,,,,Nicolas_O
NOVA-024,Epic,Low,Database;Auth,tech-debt,Sprint 4 - Infra,,Jessica_D,Jason_G,2023-02-09,2023-03-01,Blocked,Cultivate front-end mindshare,Sign with carry ball side doctor take.,v2.9.3,Team Hydra,,2023-02-06,2023-02-22,,,,,Vickie_R
NOVA-024,Epic,Low,Database;Auth,tech-debt,Sprint 4 - Infra,,Jessica_D,Jason_G,2023-02-09,2023-03-01,Blocked,Cultivate front-end mindshare,Sign with carry ball side doctor take.,v2.9.3,Team Hydra,,2023-02-06,2023-02-22,,,,,Nicolas_O
NOVA-025,Project,Minor,Auth;Payments,security;ux;sprint-goal,Sprint 2 - Nova,CoreBankingApp_Wallet,John_H,Joe_T,2023-06-22,2023-08-18,Release,Iterate open-source infrastructures,Cover hit picture light television interview city lot save talk way.,v1.1.5-beta,Team Hydra,81,2023-06-16,2023-08-01,3,,,,
NOVA-025,Project,Minor,Auth;Payments,security;ux;sprint-goal,Sprint 2 - Nova,CoreBankingApp_Wallet,John_H,Joe_T,2023-06-22,2023-08-18,Release,Iterate open-source infrastructures,Cover hit picture light television interview city lot save talk way.,v1.1.5-beta,Team Hydra,81,2023-06-16,2023-08-01,3,,FEAT-018,duplicates,
NOVA-025,Project,Minor,Auth;Payments,security;ux;sprint-goal,Sprint 2 - Nova,CoreBankingApp_Wallet,John_H,Joe_T,2023-06-22,2023-08-18,Release,Iterate open-source infrastructures,Cover hit picture light television interview city lot save talk way.,v1.1.5-beta,Team Hydra,81,2023-06-16,2023-08-01,3,,NOVA-001,cloned by,
NOVA-025,Project,Minor,Auth;Payments,security;ux;sprint-goal,Sprint 2 - Nova,CoreBankingApp_Wallet,John_H,Joe_T,2023-06-22,2023-08-18,Release,Iterate open-source infrastructures,Cover hit picture light television interview city lot save talk way.,v1.1.5-beta,Team Hydra,81,2023-06-16,2023-08-01,3,,,,Phillip_R
NOVA-025,Project,Minor,Auth;Payments,security;ux;sprint-goal,Sprint 2 - Nova,CoreBankingApp_Wallet,John_H,Joe_T,2023-06-22,2023-08-18,Release,Iterate open-source infrastructures,Cover hit picture light television interview city lot save talk way.,v1.1.5-beta,Team Hydra,81,2023-06-16,2023-08-01,3,,,,Jennifer_W
NOVA-025,Project,Minor,Auth;Payments,security;ux;sprint-goal,Sprint 2 - Nova,CoreBankingApp_Wallet,John_H,Joe_T,2023-06-22,2023-08-18,Release,Iterate open-source infrastructures,Cover hit picture light television interview city lot save talk way.,v1.1.5-beta,Team Hydra,81,2023-06-16,2023-08-01,3,,,,Vickie_R
NOVA-026,Business Outcome,Low,NFC,security;performance;sprint-goal,Sprint 2 - Infra,MobileApp_Global,Lori_S,Jason_G,2023-10-27,2023-11-09,Release,Synergize 24/365 vortals,Dream professor place police forget style notice word second lawyer.,v2.8.1,Team Hydra,,2023-10-19,2023-10-31,5,,,,
NOVA-027,Bug,Low,NFC;Mobile UI,sprint-goal,Sprint 5 - General,MobileApp_Global,Linda_C,Alison_S,2023-10-29,2023-11-06,Closed,Innovate next-generation relationships,Agency too I nor maybe air.,v1.6.1-hotfix,Team Phoenix,57,2023-10-29,2023-10-29,3,,,,
NOVA-027,Bug,Low,NFC;Mobile UI,sprint-goal,Sprint 5 - General,MobileApp_Global,Linda_C,Alison_S,2023-10-29,2023-11-06,Closed,Innovate next-generation relationships,Agency too I nor maybe air.,v1.6.1-hotfix,Team Phoenix,57,2023-10-29,2023-10-29,3,,NOVA-017,cloned by,
NOVA-027,Bug,Low,NFC;Mobile UI,sprint-goal,Sprint 5 - General,MobileApp_Global,Linda_C,Alison_S,2023-10-29,2023-11-06,Closed,Innovate next-generation relationships,Agency too I nor maybe air.,v1.6.1-hotfix,Team Phoenix,57,2023-10-29,2023-10-29,3,,NOVA-020,sub-task of,
NOVA-027,Bug,Low,NFC;Mobile UI,sprint-goal,Sprint 5 - General,MobileApp_Global,Linda_C,Alison_S,2023-10-29,2023-11-06,Closed,Innovate next-generation relationships,Agency too I nor maybe air.,v1.6.1-hotfix,Team Phoenix,57,2023-10-29,2023-10-29,3,,,,John_H
NOVA-028,Business Outcome,Low,,ux,Sprint 1 - Nova,,Bradley_S,Jennifer_W,2023-06-16,2023-06-16,Open,Generate b2c roi,With enter figure carry lawyer within whom.,v1.6.5-RC,Team Hydra,,2023-06-14,2023-06-15,8,,,,
NOVA-028,Business Outcome,Low,,ux,Sprint 1 - Nova,,Bradley_S,Jennifer_W,2023-06-16,2023-06-16,Open,Generate b2c roi,With enter figure carry lawyer within whom.,v1.6.5-RC,Team Hydra,,2023-06-14,2023-06-15,8,,FEAT-010,duplicates,
NOVA-028,Business Outcome,Low,,ux,Sprint 1 - Nova,,Bradley_S,Jennifer_W,2023-06-16,2023-06-16,Open,Generate b2c roi,With enter figure carry lawyer within whom.,v1.6.5-RC,Team Hydra,,2023-06-14,2023-06-15,8,,NOVA-011,relates to,
NOVA-028,Business Outcome,Low,,ux,Sprint 1 - Nova,,Bradley_S,Jennifer_W,2023-06-16,2023-06-16,Open,Generate b2c roi,With enter figure carry lawyer within whom.,v1.6.5-RC,Team Hydra,,2023-06-14,2023-06-15,8,,,,David_T
NOVA-028,Business Outcome,Low,,ux,Sprint 1 - Nova,,Bradley_S,Jennifer_W,2023-06-16,2023-06-16,Open,Generate b2c roi,With enter figure carry lawyer within whom.,v1.6.5-RC,Team Hydra,,2023-06-14,2023-06-15,8,,,,Maria_E
NOVA-028,Business Outcome,Low,,ux,Sprint 1 - Nova,,Bradley_S,Jennifer_W,2023-06-16,2023-06-16,Open,Generate b2c roi,With enter figure carry lawyer within whom.,v1.6.5-RC,Team Hydra,,2023-06-14,2023-06-15,8,,,,Matthew_D
NOVA-029,Feature,High,Payments;Mobile UI;Database,,Sprint 2 - Infra,,Jason_G,Matthew_D,2023-04-08,2023-04-09,Development,Facilitate bricks-and-clicks content,Full recently region pressure although both heart son.,v0.6.4-RC,Team Hydra,72,2023-04-05,2023-04-06,,,,,
NOVA-029,Feature,High,Payments;Mobile UI;Database,,Sprint 2 - Infra,,Jason_G,Matthew_D,2023-04-08,2023-04-09,Development,Facilitate bricks-and-clicks content,Full recently region pressure although both heart son.,v0.6.4-RC,Team Hydra,72,2023-04-05,2023-04-06,,,LOG-022,relates to,
NOVA-029,Feature,High,Payments;Mobile UI;Database,,Sprint 2 - Infra,,Jason_G,Matthew_D,2023-04-08,2023-04-09,Development,Facilitate bricks-and-clicks content,Full recently region pressure although both heart son.,v0.6.4-RC,Team Hydra,72,2023-04-05,2023-04-06,,,NOVA-013,blocks,
NOVA-029,Feature,High,Payments;Mobile UI;Database,,Sprint 2 - Infra,,Jason_G,Matthew_D,2023-04-08,2023-04-09,Development,Facilitate bricks-and-clicks content,Full recently region pressure although both heart son.,v0.6.4-RC,Team Hydra,72,2023-04-05,2023-04-06,,,,,John_H
NOVA-030,Business Outcome,Minor,Payments;Auth,security,Sprint 5 - Nova,,Jason_G,Jennifer_W,2024-01-30,2024-02-06,Open,Envisioneer collaborative models,Site as reveal decade represent color meeting environment.,v1.7.3-RC,Team Hydra,,2024-01-23,2024-01-27,2,,,,
NOVA-030,Business Outcome,Minor,Payments;Auth,security,Sprint 5 - Nova,,Jason_G,Jennifer_W,2024-01-30,2024-02-06,Open,Envisioneer collaborative models,Site as reveal decade represent color meeting environment.,v1.7.3-RC,Team Hydra,,2024-01-23,2024-01-27,2,,,,Joe_T
NOVA-030,Business Outcome,Minor,Payments;Auth,security,Sprint 5 - Nova,,Jason_G,Jennifer_W,2024-01-30,2024-02-06,Open,Envisioneer collaborative models,Site as reveal decade represent color meeting environment.,v1.7.3-RC,Team Hydra,,2024-01-23,2024-01-27,2,,,,David_T
NOVA-031,Task,High,,security;ProjectNova,Sprint 4 - Nova,MobileApp_Global,Maria_E,Maria_E,2024-02-12,2024-02-16,Pending,Engineer synergistic e-services,Quite us language lose mission however but growth rise religious our bank.,v1.9.4-RC,Team Hydra,,2024-02-04,2024-02-14,1,,,,
NOVA-031,Task,High,,security;ProjectNova,Sprint 4 - Nova,MobileApp_Global,Maria_E,Maria_E,2024-02-12,2024-02-16,Pending,Engineer synergistic e-services,Quite us language lose mission however but growth rise religious our bank.,v1.9.4-RC,Team Hydra,,2024-02-04,2024-02-14,1,,NOVA-020,duplicates,
NOVA-031,Task,High,,security;ProjectNova,Sprint 4 - Nova,MobileApp_Global,Maria_E,Maria_E,2024-02-12,2024-02-16,Pending,Engineer synergistic e-services,Quite us language lose mission however but growth rise religious our bank.,v1.9.4-RC,Team Hydra,,2024-02-04,2024-02-14,1,,,,Matthew_D
NOVA-031,Task,High,,security;ProjectNova,Sprint 4 - Nova,MobileApp_Global,Maria_E,Maria_E,2024-02-12,2024-02-16,Pending,Engineer synergistic e-services,Quite us language lose mission however but growth rise religious our bank.,v1.9.4-RC,Team Hydra,,2024-02-04,2024-02-14,1,,,,Alison_S
NOVA-031,Task,High,,security;ProjectNova,Sprint 4 - Nova,MobileApp_Global,Maria_E,Maria_E,2024-02-12,2024-02-16,Pending,Engineer synergistic e-services,Quite us language lose mission however but growth rise religious our bank.,v1.9.4-RC,Team Hydra,,2024-02-04,2024-02-14,1,,,,Bradley_S
NOVA-032,Business Outcome,Major,Auth;NFC,performance;ux,Sprint 1 - General,MobileApp_Global,Jessica_D,James_S,2023-03-20,2023-03-23,Open,Architect virtual e-commerce,Ok interesting civil thank for mouth take sort father.,v2.8.1-hotfix,Team Griffin,,2023-03-17,2023-03-22,13,,,,
NOVA-032,Business Outcome,Major,Auth;NFC,performance;ux,Sprint 1 - General,MobileApp_Global,Jessica_D,James_S,2023-03-20,2023-03-23,Open,Architect virtual e-commerce,Ok interesting civil thank for mouth take sort father.,v2.8.1-hotfix,Team Griffin,,2023-03-17,2023-03-22,13,,NOVA-002,sub-task of,
NOVA-032,Business Outcome,Major,Auth;NFC,performance;ux,Sprint 1 - General,MobileApp_Global,Jessica_D,James_S,2023-03-20,2023-03-23,Open,Architect virtual e-commerce,Ok interesting civil thank for mouth take sort father.,v2.8.1-hotfix,Team Griffin,,2023-03-17,2023-03-22,13,,,,Alison_S
NOVA-032,Business Outcome,Major,Auth;NFC,performance;ux,Sprint 1 - General,MobileApp_Global,Jessica_D,James_S,2023-03-20,2023-03-23,Open,Architect virtual e-commerce,Ok interesting civil thank for mouth take sort father.,v2.8.1-hotfix,Team Griffin,,2023-03-17,2023-03-22,13,,,,Alison_S
NOVA-032,Business Outcome,Major,Auth;NFC,performance;ux,Sprint 1 - General,MobileApp_Global,Jessica_D,James_S,2023-03-20,2023-03-23,Open,Architect virtual e-commerce,Ok interesting civil thank for mouth take sort father.,v2.8.1-hotfix,Team Griffin,,2023-03-17,2023-03-22,13,,,,Phillip_R
NOVA-033,Feature,High,,security,Sprint 1 - Nova,MobileApp_Global,David_T,Joe_T,2023-04-01,2023-04-16,Closed,Extend b2c deliverables,Bag business throughout cost use likely present.,v0.7.3,Team Phoenix,69,2023-03-25,2023-03-25,1,,,,
NOVA-033,Feature,High,,security,Sprint 1 - Nova,MobileApp_Global,David_T,Joe_T,2023-04-01,2023-04-16,Closed,Extend b2c deliverables,Bag business throughout cost use likely present.,v0.7.3,Team Phoenix,69,2023-03-25,2023-03-25,1,,,,Jennifer_W
NOVA-034,Feature,Medium,Mobile UI;Database;Auth,,Sprint 2 - General,AdminPortal,Bradley_S,Jason_G,2023-01-20,2023-01-29,Open,Redefine ubiquitous roi,Stop according why option do over military some player age region.,v0.7.4-beta,Team Phoenix,76,2023-01-12,2023-01-15,21,,,,
NOVA-034,Feature,Medium,Mobile UI;Database;Auth,,Sprint 2 - General,AdminPortal,Bradley_S,Jason_G,2023-01-20,2023-01-29,Open,Redefine ubiquitous roi,Stop according why option do over military some player age region.,v0.7.4-beta,Team Phoenix,76,2023-01-12,2023-01-15,21,,PERF-015,duplicates,
NOVA-034,Feature,Medium,Mobile UI;Database;Auth,,Sprint 2 - General,AdminPortal,Bradley_S,Jason_G,2023-01-20,2023-01-29,Open,Redefine ubiquitous roi,Stop according why option do over military some player age region.,v0.7.4-beta,Team Phoenix,76,2023-01-12,2023-01-15,21,,,,David_T
NOVA-034,Feature,Medium,Mobile UI;Database;Auth,,Sprint 2 - General,AdminPortal,Bradley_S,Jason_G,2023-01-20,2023-01-29,Open,Redefine ubiquitous roi,Stop according why option do over military some player age region.,v0.7.4-beta,Team Phoenix,76,2023-01-12,2023-01-15,21,,,,John_H
NOVA-034,Feature,Medium,Mobile UI;Database;Auth,,Sprint 2 - General,AdminPortal,Bradley_S,Jason_G,2023-01-20,2023-01-29,Open,Redefine ubiquitous roi,Stop according why option do over military some player age region.,v0.7.4-beta,Team Phoenix,76,2023-01-12,2023-01-15,21,,,,Justin_J
NOVA-035,Feature,Low,Auth;Mobile UI;API,security,Sprint 3 - General,,Matthew_D,Maria_E,2024-03-03,2024-03-22,Blocked,Envisioneer magnetic metrics,Color city but reduce subject despite number.,v0.3.1-hotfix,Team Phoenix,,2024-02-27,2024-03-12,8,,,,
NOVA-035,Feature,Low,Auth;Mobile UI;API,security,Sprint 3 - General,,Matthew_D,Maria_E,2024-03-03,2024-03-22,Blocked,Envisioneer magnetic metrics,Color city but reduce subject despite number.,v0.3.1-hotfix,Team Phoenix,,2024-02-27,2024-03-12,8,,,,Vickie_R
NOVA-035,Feature,Low,Auth;Mobile UI;API,security,Sprint 3 - General,,Matthew_D,Maria_E,2024-03-03,2024-03-22,Blocked,Envisioneer magnetic metrics,Color city but reduce subject despite number.,v0.3.1-hotfix,Team Phoenix,,2024-02-27,2024-03-12,8,,,,Bradley_S
NOVA-036,Bug,Major,NFC;Database;Payments,,Sprint 4 - General,AdminPortal,Justin_J,Phillip_R,2023-03-26,2023-03-27,Open,Cultivate intuitive bandwidth,Address per cause or skill law hotel share yes author some against claim.,v1.6.3-beta,Team Griffin,,2023-03-18,2023-03-18,13,,,,
NOVA-037,Epic,Minor,,,Sprint 3 - Nova,CoreBankingApp_Wallet,Maria_E,James_S,2024-02-26,2024-03-02,Release,Expedite integrated synergies,Value campaign its improve tend laugh carry structure degree explain future group process.,v0.7.5-hotfix,Team Griffin,,2024-02-17,2024-02-24,8,,,,
NOVA-037,Epic,Minor,,,Sprint 3 - Nova,CoreBankingApp_Wallet,Maria_E,James_S,2024-02-26,2024-03-02,Release,Expedite integrated synergies,Value campaign its improve tend laugh carry structure degree explain future group process.,v0.7.5-hotfix,Team Griffin,,2024-02-17,2024-02-24,8,,,,Jennifer_W
NOVA-037,Epic,Minor,,,Sprint 3 - Nova,CoreBankingApp_Wallet,Maria_E,James_S,2024-02-26,2024-03-02,Release,Expedite integrated synergies,Value campaign its improve tend laugh carry structure degree explain future group process.,v0.7.5-hotfix,Team Griffin,,2024-02-17,2024-02-24,8,,,,John_H
NOVA-038,Epic,Minor,Payments;Mobile UI;Auth,,Sprint 5 - Nova,,Nicolas_O,Joe_T,2023-09-03,2023-09-03,In Progress,Engage vertical content,Especially leave country century write listen side organization more senior follow imagine drop.,v1.9.2,Team Hydra,,2023-08-25,2023-08-29,3,,,,
NOVA-038,Epic,Minor,Payments;Mobile UI;Auth,,Sprint 5 - Nova,,Nicolas_O,Joe_T,2023-09-03,2023-09-03,In Progress,Engage vertical content,Especially leave country century write listen side organization more senior follow imagine drop.,v1.9.2,Team Hydra,,2023-08-25,2023-08-29,3,,NOVA-011,duplicates,
NOVA-038,Epic,Minor,Payments;Mobile UI;Auth,,Sprint 5 - Nova,,Nicolas_O,Joe_T,2023-09-03,2023-09-03,In Progress,Engage vertical content,Especially leave country century write listen side organization more senior follow imagine drop.,v1.9.2,Team Hydra,,2023-08-25,2023-08-29,3,,,,Justin_J
NOVA-038,Epic,Minor,Payments;Mobile UI;Auth,,Sprint 5 - Nova,,Nicolas_O,Joe_T,2023-09-03,2023-09-03,In Progress,Engage vertical content,Especially leave country century write listen side organization more senior follow imagine drop.,v1.9.2,Team Hydra,,2023-08-25,2023-08-29,3,,,,Linda_C
FEAT-039,Epic,Minor,Database,,Sprint 3 - Infra,AdminPortal,Justin_J,Nicolas_O,2023-11-26,2023-12-28,Review,Architect killer metrics,Reduce stage son middle add long young explain data.,v0.5.5-hotfix,Team Phoenix,71,2023-11-17,2023-12-14,8,,,,
FEAT-039,Epic,Minor,Database,,Sprint 3 - Infra,AdminPortal,Justin_J,Nicolas_O,2023-11-26,2023-12-28,Review,Architect killer metrics,Reduce stage son middle add long young explain data.,v0.5.5-hotfix,Team Phoenix,71,2023-11-17,2023-12-14,8,,NOVA-020,blocks,
FEAT-039,Epic,Minor,Database,,Sprint 3 - Infra,AdminPortal,Justin_J,Nicolas_O,2023-11-26,2023-12-28,Review,Architect killer metrics,Reduce stage son middle add long young explain data.,v0.5.5-hotfix,Team Phoenix,71,2023-11-17,2023-12-14,8,,,,Bradley_S
NOVA-040,Story,Minor,,ux;performance,Sprint 5 - General,,Frances_B,Frances_B,2023-10-21,2023-11-04,Closed,Redefine interactive deliverables,Few agree study watch possible care door cover wrong before bag region order.,v2.9.2,Team Hydra,,2023-10-19,2023-10-22,13,,,,
NOVA-040,Story,Minor,,ux;performance,Sprint 5 - General,,Frances_B,Frances_B,2023-10-21,2023-11-04,Closed,Redefine interactive deliverables,Few agree study watch possible care door cover wrong before bag region order.,v2.9.2,Team Hydra,,2023-10-19,2023-10-22,13,,NOVA-012,relates to,
NOVA-040,Story,Minor,,ux;performance,Sprint 5 - General,,Frances_B,Frances_B,2023-10-21,2023-11-04,Closed,Redefine interactive deliverables,Few agree study watch possible care door cover wrong before bag region order.,v2.9.2,Team Hydra,,2023-10-19,2023-10-22,13,,,,Lori_S
NOVA-040,Story,Minor,,ux;performance,Sprint 5 - General,,Frances_B,Frances_B,2023-10-21,2023-11-04,Closed,Redefine interactive deliverables,Few agree study watch possible care door cover wrong before bag region order.,v2.9.2,Team Hydra,,2023-10-19,2023-10-22,13,,,,Bradley_S
NOVA-041,Project,High,Payments,sprint-goal;ux;ProjectNova,Sprint 1 - Nova,CoreBankingApp_Wallet,Nicolas_O,Joe_T,2023-09-01,2023-09-13,In Progress,Morph end-to-end infrastructures,Most happen sister mission simply example window scene rest fall structure memory accept.,v0.8.1,Team Hydra,78,2023-08-25,2023-08-25,,,,,
NOVA-041,Project,High,Payments,sprint-goal;ux;ProjectNova,Sprint 1 - Nova,CoreBankingApp_Wallet,Nicolas_O,Joe_T,2023-09-01,2023-09-13,In Progress,Morph end-to-end infrastructures,Most happen sister mission simply example window scene rest fall structure memory accept.,v0.8.1,Team Hydra,78,2023-08-25,2023-08-25,,,NOVA-036,blocks,
NOVA-041,Project,High,Payments,sprint-goal;ux;ProjectNova,Sprint 1 - Nova,CoreBankingApp_Wallet,Nicolas_O,Joe_T,2023-09-01,2023-09-13,In Progress,Morph end-to-end infrastructures,Most happen sister mission simply example window scene rest fall structure memory accept.,v0.8.1,Team Hydra,78,2023-08-25,2023-08-25,,,,,John_H
NOVA-041,Project,High,Payments,sprint-goal;ux;ProjectNova,Sprint 1 - Nova,CoreBankingApp_Wallet,Nicolas_O,Joe_T,2023-09-01,2023-09-13,In Progress,Morph end-to-end infrastructures,Most happen sister mission simply example window scene rest fall structure memory accept.,v0.8.1,Team Hydra,78,2023-08-25,2023-08-25,,,,,Frances_B
NOVA-042,Project,Major,NFC,,Sprint 5 - Nova,,Jason_G,James_S,2023-11-05,2023-11-05,Review,Leverage synergistic niches,Friend go mission yard hope group send tax choice.,v2.8.4-RC,Team Hydra,,2023-11-05,2023-11-05,21,,,,
NOVA-042,Project,Major,NFC,,Sprint 5 - Nova,,Jason_G,James_S,2023-11-05,2023-11-05,Review,Leverage synergistic niches,Friend go mission yard hope group send tax choice.,v2.8.4-RC,Team Hydra,,2023-11-05,2023-11-05,21,,,,Phillip_R
NOVA-042,Project,Major,NFC,,Sprint 5 - Nova,,Jason_G,James_S,2023-11-05,2023-11-05,Review,Leverage synergistic niches,Friend go mission yard hope group send tax choice.,v2.8.4-RC,Team Hydra,,2023-11-05,2023-11-05,21,,,,Phillip_R
NOVA-042,Project,Major,NFC,,Sprint 5 - Nova,,Jason_G,James_S,2023-11-05,2023-11-05,Review,Leverage synergistic niches,Friend go mission yard hope group send tax choice.,v2.8.4-RC,Team Hydra,,2023-11-05,2023-11-05,21,,,,Doris_R
NOVA-043,Feature,High,,,Sprint 4 - Nova,,Alison_S,John_H,2023-03-12,2023-03-18,Open,Incubate killer portals,Do civil least direction carry thought movie baby idea particularly.,v0.8.5-hotfix,Team Phoenix,76,2023-03-05,2023-03-14,5,,,,
NOVA-043,Feature,High,,,Sprint 4 - Nova,,Alison_S,John_H,2023-03-12,2023-03-18,Open,Incubate killer portals,Do civil least direction carry thought movie baby idea particularly.,v0.8.5-hotfix,Team Phoenix,76,2023-03-05,2023-03-14,5,,NOVA-020,sub-task of,
NOVA-043,Feature,High,,,Sprint 4 - Nova,,Alison_S,John_H,2023-03-12,2023-03-18,Open,Incubate killer portals,Do civil least direction carry thought movie baby idea particularly.,v0.8.5-hotfix,Team Phoenix,76,2023-03-05,2023-03-14,5,,NOVA-038,blocks,
NOVA-043,Feature,High,,,Sprint 4 - Nova,,Alison_S,John_H,2023-03-12,2023-03-18,Open,Incubate killer portals,Do civil least direction carry thought movie baby idea particularly.,v0.8.5-hotfix,Team Phoenix,76,2023-03-05,2023-03-14,5,,,,Bradley_S
NOVA-043,Feature,High,,,Sprint 4 - Nova,,Alison_S,John_H,2023-03-12,2023-03-18,Open,Incubate killer portals,Do civil least direction carry thought movie baby idea particularly.,v0.8.5-hotfix,Team Phoenix,76,2023-03-05,2023-03-14,5,,,,Jason_G
NOVA-044,Story,Low,Database;Auth,ProjectNova;sprint-goal,Sprint 2 - General,,Jennifer_W,David_T,2024-01-24,2024-02-10,Development,Re-intermediate global info-mediaries,Side study community available cup rule.,v1.7.3-hotfix,Team Phoenix,,2024-01-23,2024-02-04,,,,,
NOVA-044,Story,Low,Database;Auth,ProjectNova;sprint-goal,Sprint 2 - General,,Jennifer_W,David_T,2024-01-24,2024-02-10,Development,Re-intermediate global info-mediaries,Side study community available cup rule.,v1.7.3-hotfix,Team Phoenix,,2024-01-23,2024-02-04,,,,,Phillip_R
NOVA-044,Story,Low,Database;Auth,ProjectNova;sprint-goal,Sprint 2 - General,,Jennifer_W,David_T,2024-01-24,2024-02-10,Development,Re-intermediate global info-mediaries,Side study community available cup rule.,v1.7.3-hotfix,Team Phoenix,,2024-01-23,2024-02-04,,,,,Frances_B
NOVA-044,Story,Low,Database;Auth,ProjectNova;sprint-goal,Sprint 2 - General,,Jennifer_W,David_T,2024-01-24,2024-02-10,Development,Re-intermediate global info-mediaries,Side study community available cup rule.,v1.7.3-hotfix,Team Phoenix,,2024-01-23,2024-02-04,,,,,Justin_J
NOVA-045,Feature,Major,,,Sprint 2 - Infra,,Justin_J,Jessica_D,2024-02-02,2024-02-14,Open,Monetize ubiquitous action-items,Me because yet reduce have find safe TV write perhaps particularly.,v0.7.0,Team Hydra,53,2024-01-24,2024-01-31,2,,,,
NOVA-045,Feature,Major,,,Sprint 2 - Infra,,Justin_J,Jessica_D,2024-02-02,2024-02-14,Open,Monetize ubiquitous action-items,Me because yet reduce have find safe TV write perhaps particularly.,v0.7.0,Team Hydra,53,2024-01-24,2024-01-31,2,,NOVA-035,duplicates,
NOVA-045,Feature,Major,,,Sprint 2 - Infra,,Justin_J,Jessica_D,2024-02-02,2024-02-14,Open,Monetize ubiquitous action-items,Me because yet reduce have find safe TV write perhaps particularly.,v0.7.0,Team Hydra,53,2024-01-24,2024-01-31,2,,,,John_H
NOVA-046,Business Outcome,Minor,,ux;tech-debt,Sprint 5 - General,,Dawn_M,James_S,2023-01-02,2023-01-11,Review,Expedite seamless applications,Garden throughout grow any thus blood film past partner shoulder.,v1.6.1,Team Phoenix,52,2023-01-01,2023-01-10,,,,,
NOVA-046,Business Outcome,Minor,,ux;tech-debt,Sprint 5 - General,,Dawn_M,James_S,2023-01-02,2023-01-11,Review,Expedite seamless applications,Garden throughout grow any thus blood film past partner shoulder.,v1.6.1,Team Phoenix,52,2023-01-01,2023-01-10,,,NOVA-004,relates to,
NOVA-046,Business Outcome,Minor,,ux;tech-debt,Sprint 5 - General,,Dawn_M,James_S,2023-01-02,2023-01-11,Review,Expedite seamless applications,Garden throughout grow any thus blood film past partner shoulder.,v1.6.1,Team Phoenix,52,2023-01-01,2023-01-10,,,,,Jessica_D
NOVA-046,Business Outcome,Minor,,ux;tech-debt,Sprint 5 - General,,Dawn_M,James_S,2023-01-02,2023-01-11,Review,Expedite seamless applications,Garden throughout grow any thus blood film past partner shoulder.,v1.6.1,Team Phoenix,52,2023-01-01,2023-01-10,,,,,Vickie_R
NOVA-046,Business Outcome,Minor,,ux;tech-debt,Sprint 5 - General,,Dawn_M,James_S,2023-01-02,2023-01-11,Review,Expedite seamless applications,Garden throughout grow any thus blood film past partner shoulder.,v1.6.1,Team Phoenix,52,2023-01-01,2023-01-10,,,,,David_T
NOVA-047,Project,Critical,NFC;Database,,Sprint 4 - Infra,,Dawn_M,Phillip_R,2023-08-06,2023-08-10,Closed,Redefine e-business infrastructures,Likely name election human include manage research room land Mrs improve.,v0.2.4-hotfix,Team Hydra,,2023-07-31,2023-08-02,3,,,,
NOVA-047,Project,Critical,NFC;Database,,Sprint 4 - Infra,,Dawn_M,Phillip_R,2023-08-06,2023-08-10,Closed,Redefine e-business infrastructures,Likely name election human include manage research room land Mrs improve.,v0.2.4-hotfix,Team Hydra,,2023-07-31,2023-08-02,3,,,,Dawn_M
NOVA-047,Project,Critical,NFC;Database,,Sprint 4 - Infra,,Dawn_M,Phillip_R,2023-08-06,2023-08-10,Closed,Redefine e-business infrastructures,Likely name election human include manage research room land Mrs improve.,v0.2.4-hotfix,Team Hydra,,2023-07-31,2023-08-02,3,,,,James_S
BUG-048,Epic,Major,Payments;Mobile UI;Auth,sprint-goal;tech-debt;security,Sprint 4 - Infra,MobileApp_Global,Dawn_M,Jessica_D,2023-04-09,2023-04-09,In Progress,Unleash out-of-the-box supply-chains,Rise able mother east six born defense new final memory that.,v0.1.4,Team Griffin,78,2023-04-08,2023-04-08,1,,,,
BUG-048,Epic,Major,Payments;Mobile UI;Auth,sprint-goal;tech-debt;security,Sprint 4 - Infra,MobileApp_Global,Dawn_M,Jessica_D,2023-04-09,2023-04-09,In Progress,Unleash out-of-the-box supply-chains,Rise able mother east six born defense new final memory that.,v0.1.4,Team Griffin,78,2023-04-08,2023-04-08,1,,,,Justin_J
NOVA-049,Feature,Major,Mobile UI,sprint-goal;tech-debt,Sprint 3 - Infra,MobileApp_Global,Justin_J,James_S,2023-07-05,2023-07-16,Pending,Re-intermediate dot-com experiences,American national tonight major just understand window.,v0.8.1-hotfix,Team Hydra,66,2023-07-05,2023-07-06,,,,,
NOVA-049,Feature,Major,Mobile UI,sprint-goal;tech-debt,Sprint 3 - Infra,MobileApp_Global,Justin_J,James_S,2023-07-05,2023-07-16,Pending,Re-intermediate dot-com experiences,American national tonight major just understand window.,v0.8.1-hotfix,Team Hydra,66,2023-07-05,2023-07-06,,,NOVA-030,sub-task of,
NOVA-049,Feature,Major,Mobile UI,sprint-goal;tech-debt,Sprint 3 - Infra,MobileApp_Global,Justin_J,James_S,2023-07-05,2023-07-16,Pending,Re-intermediate dot-com experiences,American national tonight major just understand window.,v0.8.1-hotfix,Team Hydra,66,2023-07-05,2023-07-06,,,NOVA-041,sub-task of,
NOVA-049,Feature,Major,Mobile UI,sprint-goal;tech-debt,Sprint 3 - Infra,MobileApp_Global,Justin_J,James_S,2023-07-05,2023-07-16,Pending,Re-intermediate dot-com experiences,American national tonight major just understand window.,v0.8.1-hotfix,Team Hydra,66,2023-07-05,2023-07-06,,,,,Phillip_R
BUG-050,Epic,Low,,ux;ProjectNova;performance,Sprint 3 - Infra,,John_H,Lori_S,2023-02-25,2023-03-07,In Progress,Harness viral e-services,Watch parent low pattern cold wide culture quite brother positive base place.,v0.5.1-RC,Team Hydra,,2023-02-23,2023-02-23,8,,,,
BUG-050,Epic,Low,,ux;ProjectNova;performance,Sprint 3 - Infra,,John_H,Lori_S,2023-02-25,2023-03-07,In Progress,Harness viral e-services,Watch parent low pattern cold wide culture quite brother positive base place.,v0.5.1-RC,Team Hydra,,2023-02-23,2023-02-23,8,,,,Linda_C
NOVA-051,Business Outcome,Medium,Mobile UI,,Sprint 2 - Nova,MobileApp_Global,Vickie_R,Alison_S,2023-05-30,2023-06-06,Review,Transition out-of-the-box e-commerce,Light necessary TV movie many write great record idea care today.,v0.2.0,Team Phoenix,,2023-05-28,2023-06-01,1,,,,
NOVA-051,Business Outcome,Medium,Mobile UI,,Sprint 2 - Nova,MobileApp_Global,Vickie_R,Alison_S,2023-05-30,2023-06-06,Review,Transition out-of-the-box e-commerce,Light necessary TV movie many write great record idea care today.,v0.2.0,Team Phoenix,,2023-05-28,2023-06-01,1,,,,Joe_T
NOVA-052,Project,Medium,,sprint-goal,Sprint 5 - Infra,,Phillip_R,Maria_E,2023-08-24,2023-09-30,Closed,Transition revolutionary niches,Sound among over control camera free manage food hear avoid happen.,v1.8.1-hotfix,Team Griffin,,2023-08-18,2023-09-21,13,,,,
NOVA-052,Project,Medium,,sprint-goal,Sprint 5 - Infra,,Phillip_R,Maria_E,2023-08-24,2023-09-30,Closed,Transition revolutionary niches,Sound among over control camera free manage food hear avoid happen.,v1.8.1-hotfix,Team Griffin,,2023-08-18,2023-09-21,13,,NOVA-045,sub-task of,
NOVA-052,Project,Medium,,sprint-goal,Sprint 5 - Infra,,Phillip_R,Maria_E,2023-08-24,2023-09-30,Closed,Transition revolutionary niches,Sound among over control camera free manage food hear avoid happen.,v1.8.1-hotfix,Team Griffin,,2023-08-18,2023-09-21,13,,FEAT-010,blocks,
NOVA-052,Project,Medium,,sprint-goal,Sprint 5 - Infra,,Phillip_R,Maria_E,2023-08-24,2023-09-30,Closed,Transition revolutionary niches,Sound among over control camera free manage food hear avoid happen.,v1.8.1-hotfix,Team Griffin,,2023-08-18,2023-09-21,13,,,,Maria_E
NOVA-053,Epic,Major,Payments;Auth,sprint-goal;tech-debt;security,Sprint 4 - General,AdminPortal,Joe_T,Frances_B,2023-10-19,2023-10-21,Closed,Brand cross-media action-items,Sign follow level lose support world quality stock mind black school.,v2.3.4-beta,Team Phoenix,85,2023-10-19,2023-10-20,1,,,,
NOVA-053,Epic,Major,Payments;Auth,sprint-goal;tech-debt;security,Sprint 4 - General,AdminPortal,Joe_T,Frances_B,2023-10-19,2023-10-21,Closed,Brand cross-media action-items,Sign follow level lose support world quality stock mind black school.,v2.3.4-beta,Team Phoenix,85,2023-10-19,2023-10-20,1,,NOVA-009,sub-task of,
NOVA-054,Story,High,Auth,ProjectNova;tech-debt,Sprint 1 - Nova,CoreBankingApp_Wallet,Phillip_R,Dawn_M,2024-04-04,2024-04-22,Release,Cultivate cross-platform channels,Cover past since produce I no financial pick.,v2.3.5-RC,Team Griffin,,2024-03-28,2024-03-31,,,,,
NOVA-054,Story,High,Auth,ProjectNova;tech-debt,Sprint 1 - Nova,CoreBankingApp_Wallet,Phillip_R,Dawn_M,2024-04-04,2024-04-22,Release,Cultivate cross-platform channels,Cover past since produce I no financial pick.,v2.3.5-RC,Team Griffin,,2024-03-28,2024-03-31,,,NOVA-023,relates to,
NOVA-054,Story,High,Auth,ProjectNova;tech-debt,Sprint 1 - Nova,CoreBankingApp_Wallet,Phillip_R,Dawn_M,2024-04-04,2024-04-22,Release,Cultivate cross-platform channels,Cover past since produce I no financial pick.,v2.3.5-RC,Team Griffin,,2024-03-28,2024-03-31,,,NOVA-024,blocks,
NOVA-054,Story,High,Auth,ProjectNova;tech-debt,Sprint 1 - Nova,CoreBankingApp_Wallet,Phillip_R,Dawn_M,2024-04-04,2024-04-22,Release,Cultivate cross-platform channels,Cover past since produce I no financial pick.,v2.3.5-RC,Team Griffin,,2024-03-28,2024-03-31,,,,,James_S
NOVA-055,Task,Minor,NFC;Auth;Database,security;tech-debt,Sprint 1 - Infra,,Frances_B,Frances_B,2023-11-19,2023-11-24,Release,Scale turn-key solutions,Popular deep range create point born seat issue none.,v2.3.4-RC,Team Phoenix,,2023-11-16,2023-11-19,13,,,,
NOVA-056,Story,Major,NFC,performance;ProjectNova,Sprint 3 - Nova,,John_H,Lori_S,2023-04-18,2023-04-21,Open,Cultivate viral paradigms,Technology into space business time trouble always ahead clearly.,v2.1.1,Team Hydra,,2023-04-11,2023-04-15,2,,,,
NOVA-056,Story,Major,NFC,performance;ProjectNova,Sprint 3 - Nova,,John_H,Lori_S,2023-04-18,2023-04-21,Open,Cultivate viral paradigms,Technology into space business time trouble always ahead clearly.,v2.1.1,Team Hydra,,2023-04-11,2023-04-15,2,,NOVA-007,sub-task of,
NOVA-056,Story,Major,NFC,performance;ProjectNova,Sprint 3 - Nova,,John_H,Lori_S,2023-04-18,2023-04-21,Open,Cultivate viral paradigms,Technology into space business time trouble always ahead clearly.,v2.1.1,Team Hydra,,2023-04-11,2023-04-15,2,,,,Phillip_R
NOVA-056,Story,Major,NFC,performance;ProjectNova,Sprint 3 - Nova,,John_H,Lori_S,2023-04-18,2023-04-21,Open,Cultivate viral paradigms,Technology into space business time trouble always ahead clearly.,v2.1.1,Team Hydra,,2023-04-11,2023-04-15,2,,,,Bradley_S
NOVA-056,Story,Major,NFC,performance;ProjectNova,Sprint 3 - Nova,,John_H,Lori_S,2023-04-18,2023-04-21,Open,Cultivate viral paradigms,Technology into space business time trouble always ahead clearly.,v2.1.1,Team Hydra,,2023-04-11,2023-04-15,2,,,,Dawn_M
NOVA-057,Project,Medium,Auth,performance;sprint-goal;ProjectNova,Sprint 4 - Infra,AdminPortal,Doris_R,Bradley_S,2024-03-07,2024-03-07,Blocked,Revolutionize ubiquitous convergence,Available enjoy fact quickly shoulder drug present somebody let become.,v0.8.2-RC,Team Hydra,,2024-03-04,2024-03-06,3,,,,
NOVA-057,Project,Medium,Auth,performance;sprint-goal;ProjectNova,Sprint 4 - Infra,AdminPortal,Doris_R,Bradley_S,2024-03-07,2024-03-07,Blocked,Revolutionize ubiquitous convergence,Available enjoy fact quickly shoulder drug present somebody let become.,v0.8.2-RC,Team Hydra,,2024-03-04,2024-03-06,3,,,,Matthew_D
NOVA-057,Project,Medium,Auth,performance;sprint-goal;ProjectNova,Sprint 4 - Infra,AdminPortal,Doris_R,Bradley_S,2024-03-07,2024-03-07,Blocked,Revolutionize ubiquitous convergence,Available enjoy fact quickly shoulder drug present somebody let become.,v0.8.2-RC,Team Hydra,,2024-03-04,2024-03-06,3,,,,Justin_J
NOVA-058,Task,Medium,Auth;Mobile UI;API,ux;tech-debt;sprint-goal,Sprint 5 - General,AdminPortal,James_S,Joe_T,2024-01-22,2024-02-24,Open,Iterate global functionalities,Race indeed color article forget drop hit floor customer cup hit Mr their.,v0.3.2-RC,Team Griffin,,2024-01-19,2024-01-21,13,,,,
NOVA-058,Task,Medium,Auth;Mobile UI;API,ux;tech-debt;sprint-goal,Sprint 5 - General,AdminPortal,James_S,Joe_T,2024-01-22,2024-02-24,Open,Iterate global functionalities,Race indeed color article forget drop hit floor customer cup hit Mr their.,v0.3.2-RC,Team Griffin,,2024-01-19,2024-01-21,13,,,,Nicolas_O
NOVA-058,Task,Medium,Auth;Mobile UI;API,ux;tech-debt;sprint-goal,Sprint 5 - General,AdminPortal,James_S,Joe_T,2024-01-22,2024-02-24,Open,Iterate global functionalities,Race indeed color article forget drop hit floor customer cup hit Mr their.,v0.3.2-RC,Team Griffin,,2024-01-19,2024-01-21,13,,,,Matthew_D
NOVA-058,Task,Medium,Auth;Mobile UI;API,ux;tech-debt;sprint-goal,Sprint 5 - General,AdminPortal,James_S,Joe_T,2024-01-22,2024-02-24,Open,Iterate global functionalities,Race indeed color article forget drop hit floor customer cup hit Mr their.,v0.3.2-RC,Team Griffin,,2024-01-19,2024-01-21,13,,,,Jessica_D
NOVA-059,Story,Critical,Payments,security;sprint-goal;tech-debt,Sprint 2 - General,,Jason_G,Vickie_R,2023-01-31,2023-02-14,In Progress,Leverage open-source markets,Tend fall least example buy out director family control while especially.,v2.2.5-beta,Team Phoenix,,2023-01-27,2023-02-04,3,,,,
NOVA-059,Story,Critical,Payments,security;sprint-goal;tech-debt,Sprint 2 - General,,Jason_G,Vickie_R,2023-01-31,2023-02-14,In Progress,Leverage open-source markets,Tend fall least example buy out director family control while especially.,v2.2.5-beta,Team Phoenix,,2023-01-27,2023-02-04,3,,,,Vickie_R
NOVA-059,Story,Critical,Payments,security;sprint-goal;tech-debt,Sprint 2 - General,,Jason_G,Vickie_R,2023-01-31,2023-02-14,In Progress,Leverage open-source markets,Tend fall least example buy out director family control while especially.,v2.2.5-beta,Team Phoenix,,2023-01-27,2023-02-04,3,,,,Bradley_S
NOVA-060,Story,High,Auth,ProjectNova;ux;tech-debt,Sprint 2 - Nova,AdminPortal,Linda_C,Bradley_S,2024-04-04,2024-05-03,Release,Iterate end-to-end experiences,Per campaign town commercial this health.,v2.8.5-hotfix,Team Griffin,,2024-03-30,2024-05-01,1,,,,
NOVA-060,Story,High,Auth,ProjectNova;ux;tech-debt,Sprint 2 - Nova,AdminPortal,Linda_C,Bradley_S,2024-04-04,2024-05-03,Release,Iterate end-to-end experiences,Per campaign town commercial this health.,v2.8.5-hotfix,Team Griffin,,2024-03-30,2024-05-01,1,,,,Doris_R
NOVA-061,Feature,Critical,,ux;sprint-goal;security,Sprint 1 - Nova,AdminPortal,Nicolas_O,Joe_T,2023-02-19,2023-03-14,Blocked,Repurpose wireless action-items,Onto stop north action air phone pay three debate bank approach.,v2.6.1,Team Phoenix,,2023-02-19,2023-03-09,3,,,,
NOVA-061,Feature,Critical,,ux;sprint-goal;security,Sprint 1 - Nova,AdminPortal,Nicolas_O,Joe_T,2023-02-19,2023-03-14,Blocked,Repurpose wireless action-items,Onto stop north action air phone pay three debate bank approach.,v2.6.1,Team Phoenix,,2023-02-19,2023-03-09,3,,NOVA-004,cloned by,
NOVA-061,Feature,Critical,,ux;sprint-goal;security,Sprint 1 - Nova,AdminPortal,Nicolas_O,Joe_T,2023-02-19,2023-03-14,Blocked,Repurpose wireless action-items,Onto stop north action air phone pay three debate bank approach.,v2.6.1,Team Phoenix,,2023-02-19,2023-03-09,3,,,,John_H
NOVA-061,Feature,Critical,,ux;sprint-goal;security,Sprint 1 - Nova,AdminPortal,Nicolas_O,Joe_T,2023-02-19,2023-03-14,Blocked,Repurpose wireless action-items,Onto stop north action air phone pay three debate bank approach.,v2.6.1,Team Phoenix,,2023-02-19,2023-03-09,3,,,,Alison_S
NOVA-062,Project,Low,Auth;Mobile UI;Payments,tech-debt,Sprint 4 - General,,Nicolas_O,Joe_T,2024-02-23,2024-03-20,Release,Implement sticky schemas,Them court TV tax card nor adult soldier training.,v0.8.0-RC,Team Griffin,,2024-02-22,2024-03-04,3,,,,
NOVA-062,Project,Low,Auth;Mobile UI;Payments,tech-debt,Sprint 4 - General,,Nicolas_O,Joe_T,2024-02-23,2024-03-20,Release,Implement sticky schemas,Them court TV tax card nor adult soldier training.,v0.8.0-RC,Team Griffin,,2024-02-22,2024-03-04,3,,NOVA-001,blocks,
NOVA-062,Project,Low,Auth;Mobile UI;Payments,tech-debt,Sprint 4 - General,,Nicolas_O,Joe_T,2024-02-23,2024-03-20,Release,Implement sticky schemas,Them court TV tax card nor adult soldier training.,v0.8.0-RC,Team Griffin,,2024-02-22,2024-03-04,3,,,,Lori_S
NOVA-063,Feature,Medium,NFC;Database;API,,Sprint 4 - Nova,,Dawn_M,David_T,2023-08-17,2023-09-15,Release,Brand web-enabled channels,Appear author language draw until behind small for reveal economy central.,v0.8.3-RC,Team Hydra,,2023-08-08,2023-09-02,21,,,,
NOVA-063,Feature,Medium,NFC;Database;API,,Sprint 4 - Nova,,Dawn_M,David_T,2023-08-17,2023-09-15,Release,Brand web-enabled channels,Appear author language draw until behind small for reveal economy central.,v0.8.3-RC,Team Hydra,,2023-08-08,2023-09-02,21,,NOVA-041,blocks,
NOVA-064,Business Outcome,Medium,Mobile UI;API;Payments,performance;sprint-goal,Sprint 5 - Infra,AdminPortal,Frances_B,Nicolas_O,2024-01-01,2024-01-07,Pending,Empower web-enabled e-tailers,Fire name very hair forward grow best.,v0.9.1-RC,Team Hydra,67,2023-12-27,2023-12-27,1,,,,
NOVA-064,Business Outcome,Medium,Mobile UI;API;Payments,performance;sprint-goal,Sprint 5 - Infra,AdminPortal,Frances_B,Nicolas_O,2024-01-01,2024-01-07,Pending,Empower web-enabled e-tailers,Fire name very hair forward grow best.,v0.9.1-RC,Team Hydra,67,2023-12-27,2023-12-27,1,,NOVA-006,sub-task of,
NOVA-064,Business Outcome,Medium,Mobile UI;API;Payments,performance;sprint-goal,Sprint 5 - Infra,AdminPortal,Frances_B,Nicolas_O,2024-01-01,2024-01-07,Pending,Empower web-enabled e-tailers,Fire name very hair forward grow best.,v0.9.1-RC,Team Hydra,67,2023-12-27,2023-12-27,1,,,,Joe_T
PERF-065,Story,High,Mobile UI;Database,performance;ProjectNova;ux,Sprint 5 - General,MobileApp_Global,David_T,Jason_G,2024-01-13,2024-01-25,Review,Redefine back-end networks,However know sport approach itself few vote positive guess peace.,v1.2.1-RC,Team Hydra,,2024-01-09,2024-01-24,,,,,
NOVA-066,Project,Critical,Payments;Database,security;tech-debt;sprint-goal,Sprint 3 - Nova,AdminPortal,Bradley_S,Dawn_M,2023-01-28,2023-01-28,Release,Mesh leading-edge solutions,Technology usually cold how apply film record affect account rate entire act.,v0.7.4,Team Phoenix,,2023-01-24,2023-01-24,,,,,
NOVA-066,Project,Critical,Payments;Database,security;tech-debt;sprint-goal,Sprint 3 - Nova,AdminPortal,Bradley_S,Dawn_M,2023-01-28,2023-01-28,Release,Mesh leading-edge solutions,Technology usually cold how apply film record affect account rate entire act.,v0.7.4,Team Phoenix,,2023-01-24,2023-01-24,,,,,Vickie_R
NOVA-066,Project,Critical,Payments;Database,security;tech-debt;sprint-goal,Sprint 3 - Nova,AdminPortal,Bradley_S,Dawn_M,2023-01-28,2023-01-28,Release,Mesh leading-edge solutions,Technology usually cold how apply film record affect account rate entire act.,v0.7.4,Team Phoenix,,2023-01-24,2023-01-24,,,,,Maria_E
NOVA-066,Project,Critical,Payments;Database,security;tech-debt;sprint-goal,Sprint 3 - Nova,AdminPortal,Bradley_S,Dawn_M,2023-01-28,2023-01-28,Release,Mesh leading-edge solutions,Technology usually cold how apply film record affect account rate entire act.,v0.7.4,Team Phoenix,,2023-01-24,2023-01-24,,,,,Vickie_R
NOVA-067,Bug,Low,Auth;Database;NFC,performance;ux;ProjectNova,Sprint 1 - Infra,MobileApp_Global,Phillip_R,Maria_E,2023-07-15,2023-08-03,In Progress,Target frictionless e-commerce,Catch different involve political number voice.,v0.8.0-hotfix,Team Hydra,,2023-07-12,2023-07-26,3,,,,
NOVA-067,Bug,Low,Auth;Database;NFC,performance;ux;ProjectNova,Sprint 1 - Infra,MobileApp_Global,Phillip_R,Maria_E,2023-07-15,2023-08-03,In Progress,Target frictionless e-commerce,Catch different involve political number voice.,v0.8.0-hotfix,Team Hydra,,2023-07-12,2023-07-26,3,,NOVA-012,duplicates,
NOVA-067,Bug,Low,Auth;Database;NFC,performance;ux;ProjectNova,Sprint 1 - Infra,MobileApp_Global,Phillip_R,Maria_E,2023-07-15,2023-08-03,In Progress,Target frictionless e-commerce,Catch different involve political number voice.,v0.8.0-hotfix,Team Hydra,,2023-07-12,2023-07-26,3,,,,Jason_G
NOVA-067,Bug,Low,Auth;Database;NFC,performance;ux;ProjectNova,Sprint 1 - Infra,MobileApp_Global,Phillip_R,Maria_E,2023-07-15,2023-08-03,In Progress,Target frictionless e-commerce,Catch different involve political number voice.,v0.8.0-hotfix,Team Hydra,,2023-07-12,2023-07-26,3,,,,Dawn_M
NOVA-067,Bug,Low,Auth;Database;NFC,performance;ux;ProjectNova,Sprint 1 - Infra,MobileApp_Global,Phillip_R,Maria_E,2023-07-15,2023-08-03,In Progress,Target frictionless e-commerce,Catch different involve political number voice.,v0.8.0-hotfix,Team Hydra,,2023-07-12,2023-07-26,3,,,,Alison_S
NOVA-068,Project,High,,,Sprint 1 - Nova,MobileApp_Global,John_H,Jessica_D,2023-04-19,2023-05-01,In Progress,Aggregate transparent niches,Face pay class black short assume enjoy.,v1.8.2-hotfix,Team Hydra,,2023-04-11,2023-04-18,3,,,,
NOVA-068,Project,High,,,Sprint 1 - Nova,MobileApp_Global,John_H,Jessica_D,2023-04-19,2023-05-01,In Progress,Aggregate transparent niches,Face pay class black short assume enjoy.,v1.8.2-hotfix,Team Hydra,,2023-04-11,2023-04-18,3,,NOVA-020,duplicates,
NOVA-068,Project,High,,,Sprint 1 - Nova,MobileApp_Global,John_H,Jessica_D,2023-04-19,2023-05-01,In Progress,Aggregate transparent niches,Face pay class black short assume enjoy.,v1.8.2-hotfix,Team Hydra,,2023-04-11,2023-04-18,3,,NOVA-063,blocks,
NOVA-068,Project,High,,,Sprint 1 - Nova,MobileApp_Global,John_H,Jessica_D,2023-04-19,2023-05-01,In Progress,Aggregate transparent niches,Face pay class black short assume enjoy.,v1.8.2-hotfix,Team Hydra,,2023-04-11,2023-04-18,3,,,,Matthew_D
NOVA-068,Project,High,,,Sprint 1 - Nova,MobileApp_Global,John_H,Jessica_D,2023-04-19,2023-05-01,In Progress,Aggregate transparent niches,Face pay class black short assume enjoy.,v1.8.2-hotfix,Team Hydra,,2023-04-11,2023-04-18,3,,,,Nicolas_O
NOVA-068,Project,High,,,Sprint 1 - Nova,MobileApp_Global,John_H,Jessica_D,2023-04-19,2023-05-01,In Progress,Aggregate transparent niches,Face pay class black short assume enjoy.,v1.8.2-hotfix,Team Hydra,,2023-04-11,2023-04-18,3,,,,David_T
NOVA-069,Project,Minor,API;Auth,performance,Sprint 2 - General,MobileApp_Global,James_S,Phillip_R,2023-06-01,2023-06-16,Closed,Expedite impactful action-items,Nation feeling heart owner owner prevent action.,v2.2.4-RC,Team Hydra,,2023-05-29,2023-06-15,,,,,
NOVA-069,Project,Minor,API;Auth,performance,Sprint 2 - General,MobileApp_Global,James_S,Phillip_R,2023-06-01,2023-06-16,Closed,Expedite impactful action-items,Nation feeling heart owner owner prevent action.,v2.2.4-RC,Team Hydra,,2023-05-29,2023-06-15,,,,,Matthew_D
NOVA-070,Story,Major,,sprint-goal;security;ProjectNova,Sprint 5 - Nova,AdminPortal,Jennifer_W,Doris_R,2023-09-15,2023-10-25,Release,Seize next-generation e-tailers,International audience lot language offer glass detail off soldier tend director plan during.,v2.9.3,Team Hydra,,2023-09-06,2023-10-01,5,,,,
NOVA-070,Story,Major,,sprint-goal;security;ProjectNova,Sprint 5 - Nova,AdminPortal,Jennifer_W,Doris_R,2023-09-15,2023-10-25,Release,Seize next-generation e-tailers,International audience lot language offer glass detail off soldier tend director plan during.,v2.9.3,Team Hydra,,2023-09-06,2023-10-01,5,,NOVA-004,duplicates,
NOVA-070,Story,Major,,sprint-goal;security;ProjectNova,Sprint 5 - Nova,AdminPortal,Jennifer_W,Doris_R,2023-09-15,2023-10-25,Release,Seize next-generation e-tailers,International audience lot language offer glass detail off soldier tend director plan during.,v2.9.3,Team Hydra,,2023-09-06,2023-10-01,5,,,,Lori_S
NOVA-070,Story,Major,,sprint-goal;security;ProjectNova,Sprint 5 - Nova,AdminPortal,Jennifer_W,Doris_R,2023-09-15,2023-10-25,Release,Seize next-generation e-tailers,International audience lot language offer glass detail off soldier tend director plan during.,v2.9.3,Team Hydra,,2023-09-06,2023-10-01,5,,,,Jessica_D
NOVA-070,Story,Major,,sprint-goal;security;ProjectNova,Sprint 5 - Nova,AdminPortal,Jennifer_W,Doris_R,2023-09-15,2023-10-25,Release,Seize next-generation e-tailers,International audience lot language offer glass detail off soldier tend director plan during.,v2.9.3,Team Hydra,,2023-09-06,2023-10-01,5,,,,Lori_S
NOVA-071,Task,Major,NFC;Mobile UI;Payments,ux;sprint-goal,Sprint 2 - Nova,MobileApp_Global,Jennifer_W,Joe_T,2024-01-15,2024-01-18,Blocked,Harness dynamic initiatives,Congress bad five event degree usually how cut.,v1.4.0,Team Hydra,97,2024-01-14,2024-01-17,5,,,,
NOVA-071,Task,Major,NFC;Mobile UI;Payments,ux;sprint-goal,Sprint 2 - Nova,MobileApp_Global,Jennifer_W,Joe_T,2024-01-15,2024-01-18,Blocked,Harness dynamic initiatives,Congress bad five event degree usually how cut.,v1.4.0,Team Hydra,97,2024-01-14,2024-01-17,5,,NOVA-008,sub-task of,
NOVA-071,Task,Major,NFC;Mobile UI;Payments,ux;sprint-goal,Sprint 2 - Nova,MobileApp_Global,Jennifer_W,Joe_T,2024-01-15,2024-01-18,Blocked,Harness dynamic initiatives,Congress bad five event degree usually how cut.,v1.4.0,Team Hydra,97,2024-01-14,2024-01-17,5,,NOVA-003,sub-task of,
NOVA-071,Task,Major,NFC;Mobile UI;Payments,ux;sprint-goal,Sprint 2 - Nova,MobileApp_Global,Jennifer_W,Joe_T,2024-01-15,2024-01-18,Blocked,Harness dynamic initiatives,Congress bad five event degree usually how cut.,v1.4.0,Team Hydra,97,2024-01-14,2024-01-17,5,,,,Frances_B
NOVA-071,Task,Major,NFC;Mobile UI;Payments,ux;sprint-goal,Sprint 2 - Nova,MobileApp_Global,Jennifer_W,Joe_T,2024-01-15,2024-01-18,Blocked,Harness dynamic initiatives,Congress bad five event degree usually how cut.,v1.4.0,Team Hydra,97,2024-01-14,2024-01-17,5,,,,Justin_J
NOVA-071,Task,Major,NFC;Mobile UI;Payments,ux;sprint-goal,Sprint 2 - Nova,MobileApp_Global,Jennifer_W,Joe_T,2024-01-15,2024-01-18,Blocked,Harness dynamic initiatives,Congress bad five event degree usually how cut.,v1.4.0,Team Hydra,97,2024-01-14,2024-01-17,5,,,,Bradley_S
FEAT-072,Epic,Low,Database,,Sprint 4 - General,,Lori_S,Dawn_M,2023-03-05,2023-03-06,Review,Matrix robust solutions,Thing write by really card such item walk either economic arrive.,v2.1.4-RC,Team Hydra,,2023-02-28,2023-03-05,21,,,,
